Data;Nr. Operações;Volume;Média;Fator Diário;Mínima;Máxima;Moda;Dsv Pdr;Taxa SELIC
01/06/2018;8;3.013.455;6,39;1,00024583;-;-;-;-;6,40
04/06/2018;9;3.257.074;6,39;1,00024583;-;-;-;-;6,40
05/06/2018;8;3.468.231;6,39;1,00024583;-;-;-;-;6,40
06/06/2018;8;3.395.464;6,39;1,00024583;-;-;-;-;6,40
07/06/2018;8;3.349.963;6,39;1,00024583;-;-;-;-;6,40
08/06/2018;7;3.252.883;6,39;1,00024583;-;-;-;-;6,40
11/06/2018;8;3.321.289;6,39;1,00024583;-;-;-;-;6,40
12/06/2018;8;3.301.871;6,39;1,00024583;-;-;-;-;6,40
13/06/2018;9;3.253.190;6,39;1,00024583;-;-;-;-;6,40
14/06/2018;8;3.254.816;6,39;1,00024583;-;-;-;-;6,40
15/06/2018;8;3.237.642;6,39;1,00024583;-;-;-;-;6,40
18/06/2018;8;3.204.100;6,39;1,00024583;-;-;-;-;6,40
19/06/2018;8;3.217.431;6,39;1,00024583;-;-;-;-;6,40
20/06/2018;8;3.189.022;6,39;1,00024583;-;-;-;-;6,40
21/06/2018;7;3.183.678;6,39;1,00024583;-;-;-;-;6,40
22/06/2018;9;3.179.471;6,39;1,00024583;-;-;-;-;6,40
25/06/2018;9;3.191.190;6,39;1,00024583;-;-;-;-;6,40
26/06/2018;8;3.193.752;6,39;1,00024583;-;-;-;-;6,40
27/06/2018;8;3.128.797;6,39;1,00024583;-;-;-;-;6,40
28/06/2018;8;3.110.248;6,39;1,00024583;-;-;-;-;6,40
29/06/2018;7;3.095.448;6,39;1,00024583;-;-;-;-;6,40
02/07/2018;8;3.116.441;6,39;1,00024583;-;-;-;-;6,40
03/07/2018;10;3.335.864;6,39;1,00024583;6,00;6,39;6,20;0,03;6,40
04/07/2018;8;3.684.794;6,39;1,00024583;-;-;-;-;6,40
05/07/2018;8;3.663.812;6,39;1,00024583;-;-;-;-;6,40
06/07/2018;8;3.643.587;6,39;1,00024583;-;-;-;-;6,40
09/07/2018;8;3.526.259;6,39;1,00024583;-;-;-;-;6,40
10/07/2018;9;3.618.403;6,39;1,00024583;-;-;-;-;6,40
11/07/2018;9;3.573.509;6,39;1,00024583;-;-;-;-;6,40
12/07/2018;8;3.540.193;6,39;1,00024583;-;-;-;-;6,40
13/07/2018;9;3.499.556;6,39;1,00024583;-;-;-;-;6,40
16/07/2018;8;3.402.294;6,39;1,00024583;-;-;-;-;6,40
17/07/2018;9;3.404.811;6,39;1,00024583;-;-;-;-;6,40
18/07/2018;8;3.389.049;6,39;1,00024583;-;-;-;-;6,40
19/07/2018;8;3.389.534;6,39;1,00024583;-;-;-;-;6,40
20/07/2018;8;3.375.041;6,39;1,00024583;-;-;-;-;6,40
23/07/2018;9;3.386.373;6,39;1,00024583;-;-;-;-;6,40
24/07/2018;8;3.393.307;6,39;1,00024583;-;-;-;-;6,40
25/07/2018;9;3.381.882;6,39;1,00024583;-;-;-;-;6,40
26/07/2018;8;3.269.767;6,39;1,00024583;-;-;-;-;6,40
27/07/2018;8;3.227.710;6,39;1,00024583;-;-;-;-;6,40
30/07/2018;8;3.235.411;6,39;1,00024583;-;-;-;-;6,40
31/07/2018;6;3.213.652;6,39;1,00024583;-;-;-;-;6,40
01/08/2018;7;3.200.208;6,39;1,00024583;-;-;-;-;6,40
02/08/2018;7;3.431.729;6,39;1,00024583;-;-;-;-;6,40
03/08/2018;7;3.627.501;6,39;1,00024583;-;-;-;-;6,40
06/08/2018;7;3.631.516;6,39;1,00024583;-;-;-;-;6,40
07/08/2018;8;3.614.005;6,39;1,00024583;-;-;-;-;6,40
08/08/2018;8;3.599.263;6,39;1,00024583;-;-;-;-;6,40
09/08/2018;7;3.557.639;6,39;1,00024583;-;-;-;-;6,40
10/08/2018;7;3.535.552;6,39;1,00024583;-;-;-;-;6,40
13/08/2018;7;3.502.531;6,39;1,00024583;-;-;-;-;6,40
14/08/2018;5;3.448.160;6,39;1,00024583;-;-;-;-;6,40
15/08/2018;5;3.636.113;6,39;1,00024583;-;-;-;-;6,40
16/08/2018;7;3.656.512;6,39;1,00024583;-;-;-;-;6,40
17/08/2018;7;3.663.356;6,39;1,00024583;-;-;-;-;6,40
20/08/2018;7;3.643.185;6,39;1,00024583;-;-;-;-;6,40
21/08/2018;7;3.639.061;6,39;1,00024583;-;-;-;-;6,40
22/08/2018;7;3.629.987;6,39;1,00024583;-;-;-;-;6,40
23/08/2018;7;3.620.419;6,39;1,00024583;-;-;-;-;6,40
24/08/2018;7;3.609.415;6,39;1,00024583;-;-;-;-;6,40
27/08/2018;7;3.575.160;6,39;1,00024583;-;-;-;-;6,40
28/08/2018;7;3.575.249;6,39;1,00024583;-;-;-;-;6,40
29/08/2018;9;3.554.074;6,39;1,00024583;-;-;-;-;6,40
30/08/2018;7;3.546.632;6,39;1,00024583;-;-;-;-;6,40
31/08/2018;7;3.537.829;6,39;1,00024583;-;-;-;-;6,40
03/09/2018;8;3.538.456;6,39;1,00024583;-;-;-;-;6,40
04/09/2018;7;3.748.894;6,39;1,00024583;-;-;-;-;6,40
05/09/2018;8;3.929.498;6,39;1,00024583;-;-;-;-;6,40
06/09/2018;7;3.904.917;6,39;1,00024583;-;-;-;-;6,40
10/09/2018;6;3.879.441;6,39;1,00024583;-;-;-;-;6,40
11/09/2018;7;3.894.591;6,39;1,00024583;-;-;-;-;6,40
12/09/2018;9;3.832.914;6,39;1,00024583;-;-;-;-;6,40
13/09/2018;9;3.852.788;6,39;1,00024583;-;-;-;-;6,40
14/09/2018;9;3.824.814;6,39;1,00024583;-;-;-;-;6,40
17/09/2018;7;3.756.975;6,39;1,00024583;-;-;-;-;6,40
18/09/2018;7;3.746.647;6,39;1,00024583;-;-;-;-;6,40
19/09/2018;6;3.764.183;6,39;1,00024583;-;-;-;-;6,40
20/09/2018;5;3.698.307;6,39;1,00024583;-;-;-;-;6,40
21/09/2018;7;3.706.241;6,39;1,00024583;-;-;-;-;6,40
24/09/2018;8;3.706.744;6,39;1,00024583;-;-;-;-;6,40
25/09/2018;7;3.708.485;6,39;1,00024583;-;-;-;-;6,40
26/09/2018;8;3.710.080;6,39;1,00024583;-;-;-;-;6,40
27/09/2018;7;3.642.879;6,39;1,00024583;-;-;-;-;6,40
28/09/2018;6;3.624.301;6,39;1,00024583;-;-;-;-;6,40
01/10/2018;7;3.633.830;6,40;1,00024620;-;-;-;-;6,40
02/10/2018;6;3.869.375;6,40;1,00024620;-;-;-;-;6,40
03/10/2018;6;4.060.201;6,40;1,00024620;-;-;-;-;6,40
04/10/2018;6;4.049.513;6,40;1,00024620;-;-;-;-;6,40
05/10/2018;6;4.026.135;6,40;1,00024620;-;-;-;-;6,40
08/10/2018;6;4.023.815;6,40;1,00024620;-;-;-;-;6,40
09/10/2018;8;4.006.571;6,40;1,00024620;-;-;-;-;6,40
10/10/2018;7;3.960.725;6,40;1,00024620;-;-;-;-;6,40
11/10/2018;8;3.976.612;6,40;1,00024620;-;-;-;-;6,40
15/10/2018;7;3.882.685;6,40;1,00024620;-;-;-;-;6,40
16/10/2018;9;3.965.276;6,40;1,00024620;-;-;-;-;6,40
17/10/2018;9;3.993.776;6,40;1,00024620;-;-;-;-;6,40
18/10/2018;8;3.974.815;6,40;1,00024620;-;-;-;-;6,40
19/10/2018;9;3.978.294;6,40;1,00024620;-;-;-;-;6,40
22/10/2018;8;3.982.684;6,40;1,00024620;-;-;-;-;6,40
23/10/2018;7;3.979.321;6,40;1,00024620;-;-;-;-;6,40
24/10/2018;8;3.943.160;6,40;1,00024620;-;-;-;-;6,40
25/10/2018;8;3.927.915;6,40;1,00024620;-;-;-;-;6,40
26/10/2018;7;3.813.204;6,40;1,00024620;-;-;-;-;6,40
29/10/2018;7;3.778.538;6,40;1,00024620;-;-;-;-;6,40
30/10/2018;7;3.771.344;6,40;1,00024620;-;-;-;-;6,40
31/10/2018;6;3.731.173;6,40;1,00024620;-;-;-;-;6,40
01/11/2018;7;3.721.447;6,40;1,00024620;-;-;-;-;6,40
05/11/2018;6;3.951.353;6,40;1,00024620;-;-;-;-;6,40
06/11/2018;5;4.133.712;6,40;1,00024620;-;-;-;-;6,40
07/11/2018;8;4.068.008;6,40;1,00024620;-;-;-;-;6,40
08/11/2018;7;4.057.492;6,40;1,00024620;-;-;-;-;6,40
09/11/2018;7;4.060.403;6,40;1,00024620;-;-;-;-;6,40
12/11/2018;7;4.051.985;6,40;1,00024620;-;-;-;-;6,40
13/11/2018;8;4.045.713;6,40;1,00024620;-;-;-;-;6,40
14/11/2018;7;3.982.405;6,40;1,00024620;-;-;-;-;6,40
16/11/2018;9;3.966.222;6,40;1,00024620;-;-;-;-;6,40
19/11/2018;7;3.923.688;6,40;1,00024620;-;-;-;-;6,40
20/11/2018;9;3.899.002;6,40;1,00024620;-;-;-;-;6,40
21/11/2018;7;3.874.691;6,40;1,00024620;-;-;-;-;6,40
22/11/2018;7;3.812.326;6,40;1,00024620;-;-;-;-;6,40
23/11/2018;6;3.794.384;6,40;1,00024620;-;-;-;-;6,40
26/11/2018;7;3.879.375;6,40;1,00024620;-;-;-;-;6,40
27/11/2018;7;3.829.510;6,40;1,00024620;-;-;-;-;6,40
28/11/2018;7;3.763.082;6,40;1,00024620;-;-;-;-;6,40
29/11/2018;7;3.726.177;6,40;1,00024620;-;-;-;-;6,40
30/11/2018;5;3.672.085;6,40;1,00024620;-;-;-;-;6,40
03/12/2018;6;3.675.840;6,40;1,00024620;-;-;-;-;6,40
04/12/2018;7;3.939.816;6,40;1,00024620;-;-;-;-;6,40
05/12/2018;8;4.275.476;6,40;1,00024620;-;-;-;-;6,40
06/12/2018;6;4.203.726;6,40;1,00024620;-;-;-;-;6,40
07/12/2018;6;4.129.583;6,40;1,00024620;-;-;-;-;6,40
10/12/2018;6;4.138.353;6,40;1,00024620;-;-;-;-;6,40
11/12/2018;6;4.128.509;6,40;1,00024620;-;-;-;-;6,40
12/12/2018;7;4.064.613;6,40;1,00024620;-;-;-;-;6,40
13/12/2018;7;4.070.323;6,40;1,00024620;-;-;-;-;6,40
14/12/2018;6;4.054.151;6,40;1,00024620;-;-;-;-;6,40
17/12/2018;8;3.963.262;6,40;1,00024620;-;-;-;-;6,40
18/12/2018;9;4.002.990;6,40;1,00024620;-;-;-;-;6,40
19/12/2018;7;4.020.582;6,40;1,00024620;-;-;-;-;6,40
20/12/2018;6;3.919.525;6,40;1,00024620;-;-;-;-;6,40
21/12/2018;6;3.969.639;6,40;1,00024620;-;-;-;-;6,40
24/12/2018;5;3.995.476;6,40;1,00024620;-;-;-;-;6,40
26/12/2018;5;3.913.530;6,40;1,00024620;-;-;-;-;6,40
27/12/2018;5;3.849.827;6,40;1,00024620;-;-;-;-;6,40
28/12/2018;4;3.819.861;6,40;1,00024620;-;-;-;-;6,40
31/12/2018;4;3.818.297;6,40;1,00024620;-;-;-;-;6,40
02/01/2019;5;3.805.569;6,40;1,00024620;-;-;-;-;6,40
03/01/2019;7;4.056.329;6,40;1,00024620;-;-;-;-;6,40
04/01/2019;6;4.274.972;6,40;1,00024620;-;-;-;-;6,40
07/01/2019;7;4.287.214;6,40;1,00024620;-;-;-;-;6,40
08/01/2019;6;4.269.606;6,40;1,00024620;-;-;-;-;6,40
09/01/2019;7;4.213.645;6,40;1,00024620;-;-;-;-;6,40
10/01/2019;7;4.194.954;6,40;1,00024620;-;-;-;-;6,40
11/01/2019;8;4.187.586;6,40;1,00024620;-;-;-;-;6,40
14/01/2019;7;4.111.054;6,40;1,00024620;-;-;-;-;6,40
15/01/2019;8;4.103.623;6,40;1,00024620;-;-;-;-;6,40
16/01/2019;8;4.065.650;6,40;1,00024620;-;-;-;-;6,40
17/01/2019;8;4.057.962;6,40;1,00024620;-;-;-;-;6,40
18/01/2019;8;4.034.477;6,40;1,00024620;-;-;-;-;6,40
21/01/2019;8;4.027.715;6,40;1,00024620;-;-;-;-;6,40
22/01/2019;8;4.019.093;6,40;1,00024620;-;-;-;-;6,40
23/01/2019;8;4.004.002;6,40;1,00024620;-;-;-;-;6,40
24/01/2019;7;3.976.685;6,40;1,00024620;-;-;-;-;6,40
25/01/2019;7;3.913.656;6,40;1,00024620;-;-;-;-;6,40
28/01/2019;7;3.922.010;6,40;1,00024620;-;-;-;-;6,40
29/01/2019;7;3.915.416;6,40;1,00024620;-;-;-;-;6,40
30/01/2019;7;3.893.537;6,40;1,00024620;-;-;-;-;6,40
31/01/2019;7;3.879.787;6,40;1,00024620;-;-;-;-;6,40
01/02/2019;7;3.857.149;6,40;1,00024620;-;-;-;-;6,40
04/02/2019;7;4.093.142;6,40;1,00024620;-;-;-;-;6,40
05/02/2019;7;4.317.325;6,40;1,00024620;-;-;-;-;6,40
06/02/2019;6;4.283.595;6,40;1,00024620;-;-;-;-;6,40
07/02/2019;7;4.275.958;6,40;1,00024620;-;-;-;-;6,40
08/02/2019;7;4.243.621;6,40;1,00024620;-;-;-;-;6,40
11/02/2019;7;4.234.224;6,40;1,00024620;-;-;-;-;6,40
12/02/2019;8;4.212.463;6,40;1,00024620;-;-;-;-;6,40
13/02/2019;7;4.137.178;6,40;1,00024620;-;-;-;-;6,40
14/02/2019;8;4.109.906;6,40;1,00024620;-;-;-;-;6,40
15/02/2019;8;4.098.832;6,40;1,00024620;-;-;-;-;6,40
18/02/2019;8;4.036.087;6,40;1,00024620;-;-;-;-;6,40
19/02/2019;7;4.013.108;6,40;1,00024620;-;-;-;-;6,40
20/02/2019;7;3.925.032;6,40;1,00024620;-;-;-;-;6,40
21/02/2019;7;3.897.614;6,40;1,00024620;-;-;-;-;6,40
22/02/2019;7;3.877.331;6,40;1,00024620;-;-;-;-;6,40
25/02/2019;7;3.909.934;6,40;1,00024620;-;-;-;-;6,40
26/02/2019;7;3.901.655;6,40;1,00024620;-;-;-;-;6,40
27/02/2019;7;3.806.141;6,40;1,00024620;-;-;-;-;6,40
28/02/2019;6;3.750.302;6,40;1,00024620;-;-;-;-;6,40
01/03/2019;6;3.725.954;6,40;1,00024620;-;-;-;-;6,40
06/03/2019;6;3.941.049;6,40;1,00024620;-;-;-;-;6,40
07/03/2019;6;4.162.459;6,40;1,00024620;-;-;-;-;6,40
08/03/2019;6;4.200.118;6,40;1,00024620;-;-;-;-;6,40
11/03/2019;6;4.211.158;6,40;1,00024620;-;-;-;-;6,40
12/03/2019;6;3.999.582;6,40;1,00024620;-;-;-;-;6,40
13/03/2019;6;4.069.484;6,40;1,00024620;-;-;-;-;6,40
14/03/2019;5;4.060.608;6,40;1,00024620;-;-;-;-;6,40
15/03/2019;7;3.919.780;6,40;1,00024620;-;-;-;-;6,40
18/03/2019;5;3.838.053;6,40;1,00024620;-;-;-;-;6,40
19/03/2019;6;3.800.014;6,40;1,00024620;-;-;-;-;6,40
20/03/2019;6;3.767.898;6,40;1,00024620;-;-;-;-;6,40
21/03/2019;6;3.761.021;6,40;1,00024620;-;-;-;-;6,40
22/03/2019;6;3.741.926;6,40;1,00024620;-;-;-;-;6,40
25/03/2019;7;3.717.077;6,40;1,00024620;-;-;-;-;6,40
26/03/2019;6;3.640.268;6,40;1,00024620;-;-;-;-;6,40
27/03/2019;6;3.433.437;6,40;1,00024620;-;-;-;-;6,40
28/03/2019;5;3.413.894;6,40;1,00024620;-;-;-;-;6,40
29/03/2019;6;3.358.304;6,40;1,00024620;-;-;-;-;6,40
01/04/2019;5;3.369.439;6,40;1,00024620;-;-;-;-;6,40
02/04/2019;6;3.575.963;6,40;1,00024620;-;-;-;-;6,40
03/04/2019;6;3.792.771;6,40;1,00024620;-;-;-;-;6,40
04/04/2019;5;3.771.906;6,40;1,00024620;-;-;-;-;6,40
05/04/2019;6;3.751.511;6,40;1,00024620;-;-;-;-;6,40
08/04/2019;6;3.741.839;6,40;1,00024620;-;-;-;-;6,40
09/04/2019;5;3.703.602;6,40;1,00024620;-;-;-;-;6,40
10/04/2019;6;3.695.144;6,40;1,00024620;-;-;-;-;6,40
11/04/2019;6;3.670.128;6,40;1,00024620;-;-;-;-;6,40
12/04/2019;6;3.645.730;6,40;1,00024620;-;-;-;-;6,40
15/04/2019;4;3.567.911;6,40;1,00024620;-;-;-;-;6,40
16/04/2019;7;3.551.333;6,40;1,00024620;-;-;-;-;6,40
17/04/2019;6;3.403.348;6,40;1,00024620;-;-;-;-;6,40
18/04/2019;8;3.376.706;6,40;1,00024620;-;-;-;-;6,40
22/04/2019;7;3.456.555;6,40;1,00024620;-;-;-;-;6,40
23/04/2019;7;3.404.537;6,40;1,00024620;-;-;-;-;6,40
24/04/2019;8;3.415.898;6,40;1,00024620;-;-;-;-;6,40
25/04/2019;7;3.390.331;6,40;1,00024620;-;-;-;-;6,40
26/04/2019;7;3.363.503;6,40;1,00024620;-;-;-;-;6,40
29/04/2019;8;3.452.337;6,40;1,00024620;-;-;-;-;6,40
30/04/2019;7;3.244.140;6,40;1,00024620;-;-;-;-;6,40
02/05/2019;7;3.293.161;6,40;1,00024620;-;-;-;-;6,40
03/05/2019;7;3.535.855;6,40;1,00024620;-;-;-;-;6,40
06/05/2019;8;3.771.024;6,40;1,00024620;-;-;-;-;6,40
07/05/2019;8;3.773.300;6,40;1,00024620;-;-;-;-;6,40
08/05/2019;9;3.632.592;6,40;1,00024620;-;-;-;-;6,40
09/05/2019;7;3.595.467;6,40;1,00024620;-;-;-;-;6,40
10/05/2019;8;3.596.116;6,40;1,00024620;-;-;-;-;6,40
13/05/2019;7;3.560.924;6,40;1,00024620;-;-;-;-;6,40
14/05/2019;7;3.543.236;6,40;1,00024620;-;-;-;-;6,40
15/05/2019;9;3.520.710;6,40;1,00024620;-;-;-;-;6,40
16/05/2019;8;3.537.875;6,40;1,00024620;-;-;-;-;6,40
17/05/2019;9;3.540.708;6,40;1,00024620;-;-;-;-;6,40
20/05/2019;7;3.449.699;6,40;1,00024620;-;-;-;-;6,40
21/05/2019;7;3.466.391;6,40;1,00024620;-;-;-;-;6,40
22/05/2019;10;3.611.957;6,40;1,00024620;-;-;-;-;6,40
23/05/2019;6;3.402.301;6,40;1,00024620;-;-;-;-;6,40
24/05/2019;8;3.404.209;6,40;1,00024620;-;-;-;-;6,40
27/05/2019;6;3.362.236;6,40;1,00024620;-;-;-;-;6,40
28/05/2019;7;3.337.148;6,40;1,00024620;-;-;-;-;6,40
29/05/2019;6;3.323.406;6,40;1,00024620;-;-;-;-;6,40
30/05/2019;7;3.328.312;6,40;1,00024620;-;-;-;-;6,40
31/05/2019;5;3.234.537;6,40;1,00024620;-;-;-;-;6,40
03/06/2019;7;3.255.170;6,40;1,00024620;-;-;-;-;6,40
04/06/2019;7;3.470.041;6,40;1,00024620;-;-;-;-;6,40
05/06/2019;7;3.654.383;6,40;1,00024620;-;-;-;-;6,40
06/06/2019;8;3.621.183;6,40;1,00024620;-;-;-;-;6,40
07/06/2019;6;3.539.715;6,40;1,00024620;-;-;-;-;6,40
10/06/2019;8;3.694.914;6,40;1,00024620;-;-;-;-;6,40
11/06/2019;8;3.660.218;6,40;1,00024620;-;-;-;-;6,40
12/06/2019;8;3.577.332;6,40;1,00024620;-;-;-;-;6,40
13/06/2019;8;3.659.754;6,40;1,00024620;-;-;-;-;6,40
14/06/2019;6;3.499.025;6,40;1,00024620;-;-;-;-;6,40
17/06/2019;7;3.467.828;6,40;1,00024620;-;-;-;-;6,40
18/06/2019;8;3.461.402;6,40;1,00024620;-;-;-;-;6,40
19/06/2019;6;3.287.855;6,40;1,00024620;-;-;-;-;6,40
21/06/2019;7;3.429.402;6,40;1,00024620;-;-;-;-;6,40
24/06/2019;6;3.487.363;6,40;1,00024620;-;-;-;-;6,40
25/06/2019;6;3.470.577;6,40;1,00024620;-;-;-;-;6,40
26/06/2019;6;3.416.428;6,40;1,00024620;-;-;-;-;6,40
27/06/2019;7;3.435.780;6,40;1,00024620;-;-;-;-;6,40
28/06/2019;6;3.249.399;6,40;1,00024620;-;-;-;-;6,40
01/07/2019;5;3.308.518;6,40;1,00024620;-;-;-;-;6,40
02/07/2019;6;3.524.868;6,40;1,00024620;-;-;-;-;6,40
03/07/2019;7;3.947.117;6,40;1,00024620;-;-;-;-;6,40
04/07/2019;6;3.905.082;6,40;1,00024620;-;-;-;-;6,40
05/07/2019;5;3.807.886;6,40;1,00024620;-;-;-;-;6,40
08/07/2019;6;3.831.980;6,40;1,00024620;-;-;-;-;6,40
09/07/2019;7;3.819.084;6,40;1,00024620;-;-;-;-;6,40
10/07/2019;6;3.710.362;6,40;1,00024620;-;-;-;-;6,40
11/07/2019;6;3.725.917;6,40;1,00024620;-;-;-;-;6,40
12/07/2019;5;3.679.946;6,40;1,00024620;-;-;-;-;6,40
15/07/2019;5;3.583.920;6,40;1,00024620;-;-;-;-;6,40
16/07/2019;6;3.590.515;6,40;1,00024620;-;-;-;-;6,40
17/07/2019;5;3.560.809;6,40;1,00024620;-;-;-;-;6,40
18/07/2019;6;3.548.189;6,40;1,00024620;-;-;-;-;6,40
19/07/2019;6;3.517.119;6,40;1,00024620;-;-;-;-;6,40
22/07/2019;6;3.673.553;6,40;1,00024620;-;-;-;-;6,40
23/07/2019;5;3.635.117;6,40;1,00024620;-;-;-;-;6,40
24/07/2019;5;3.634.943;6,40;1,00024620;-;-;-;-;6,40
25/07/2019;6;3.641.033;6,40;1,00024620;-;-;-;-;6,40
26/07/2019;6;3.598.578;6,40;1,00024620;-;-;-;-;6,40
29/07/2019;6;3.469.168;6,40;1,00024620;-;-;-;-;6,40
30/07/2019;7;3.448.006;6,40;1,00024620;-;-;-;-;6,40
31/07/2019;4;3.367.157;6,40;1,00024620;-;-;-;-;6,40
01/08/2019;4;3.362.785;5,90;1,00022751;-;-;-;-;5,90
02/08/2019;4;3.598.688;5,90;1,00022751;-;-;-;-;5,90
05/08/2019;5;3.867.363;5,90;1,00022751;-;-;-;-;5,90
06/08/2019;5;3.816.086;5,90;1,00022751;-;-;-;-;5,90
07/08/2019;4;3.711.415;5,90;1,00022751;-;-;-;-;5,90
08/08/2019;4;3.683.006;5,90;1,00022751;-;-;-;-;5,90
09/08/2019;4;3.675.861;5,90;1,00022751;-;-;-;-;5,90
12/08/2019;6;3.640.857;5,90;1,00022751;-;-;-;-;5,90
13/08/2019;4;3.601.544;5,90;1,00022751;-;-;-;-;5,90
14/08/2019;3;3.408.126;5,90;1,00022751;-;-;-;-;5,90
15/08/2019;5;3.382.592;5,90;1,00022751;-;-;-;-;5,90
16/08/2019;5;3.395.544;5,90;1,00022751;-;-;-;-;5,90
19/08/2019;5;3.318.934;5,90;1,00022751;-;-;-;-;5,90
20/08/2019;3;3.292.477;5,90;1,00022751;-;-;-;-;5,90
21/08/2019;4;3.257.308;5,90;1,00022751;-;-;-;-;5,90
22/08/2019;7;3.368.869;5,90;1,00022751;-;-;-;-;5,90
23/08/2019;8;3.421.707;5,90;1,00022751;-;-;-;-;5,90
26/08/2019;8;3.468.010;5,90;1,00022751;-;-;-;-;5,90
27/08/2019;5;3.583.970;5,90;1,00022751;-;-;-;-;5,90
28/08/2019;6;3.473.776;5,90;1,00022751;-;-;-;-;5,90
29/08/2019;6;3.476.722;5,90;1,00022751;-;-;-;-;5,90
30/08/2019;6;3.444.876;5,90;1,00022751;-;-;-;-;5,90
02/09/2019;7;3.470.910;5,90;1,00022751;-;-;-;-;5,90
03/09/2019;8;3.683.400;5,90;1,00022751;-;-;-;-;5,90
04/09/2019;8;3.902.617;5,90;1,00022751;-;-;-;-;5,90
05/09/2019;6;3.884.674;5,90;1,00022751;-;-;-;-;5,90
06/09/2019;7;3.799.798;5,90;1,00022751;-;-;-;-;5,90
09/09/2019;5;3.819.443;5,90;1,00022751;-;-;-;-;5,90
10/09/2019;5;3.779.179;5,90;1,00022751;-;-;-;-;5,90
11/09/2019;5;3.743.548;5,90;1,00022751;-;-;-;-;5,90
12/09/2019;4;3.680.646;5,90;1,00022751;-;-;-;-;5,90
13/09/2019;7;3.663.397;5,90;1,00022751;-;-;-;-;5,90
16/09/2019;6;3.619.967;5,90;1,00022751;-;-;-;-;5,90
17/09/2019;4;3.542.797;5,90;1,00022751;-;-;-;-;5,90
18/09/2019;4;3.531.747;5,90;1,00022751;-;-;-;-;5,90
19/09/2019;7;3.529.748;5,40;1,00020872;-;-;-;-;5,40
20/09/2019;8;3.535.467;5,40;1,00020872;-;-;-;-;5,40
23/09/2019;6;3.514.182;5,40;1,00020872;-;-;-;-;5,40
24/09/2019;5;3.519.687;5,40;1,00020872;-;-;-;-;5,40
25/09/2019;5;3.511.241;5,40;1,00020872;-;-;-;-;5,40
26/09/2019;4;3.403.249;5,40;1,00020872;-;-;-;-;5,40
27/09/2019;5;3.462.964;5,40;1,00020872;-;-;-;-;5,40
30/09/2019;5;3.428.797;5,40;1,00020872;-;-;-;-;5,40
01/10/2019;3;3.401.372;5,40;1,00020872;-;-;-;-;5,40
02/10/2019;3;3.603.960;5,40;1,00020872;-;-;-;-;5,40
03/10/2019;4;3.854.593;5,40;1,00020872;-;-;-;-;5,40
04/10/2019;6;3.843.379;5,40;1,00020872;-;-;-;-;5,40
07/10/2019;5;3.707.207;5,40;1,00020872;-;-;-;-;5,40
08/10/2019;5;3.724.400;5,40;1,00020872;-;-;-;-;5,40
09/10/2019;5;3.641.535;5,40;1,00020872;-;-;-;-;5,40
10/10/2019;6;3.614.580;5,40;1,00020872;-;-;-;-;5,40
11/10/2019;5;3.645.875;5,40;1,00020872;-;-;-;-;5,40
14/10/2019;9;3.604.466;5,40;1,00020872;-;-;-;-;5,40
15/10/2019;7;3.550.198;5,40;1,00020872;-;-;-;-;5,40
16/10/2019;6;3.550.254;5,40;1,00020872;-;-;-;-;5,40
17/10/2019;6;3.547.818;5,40;1,00020872;-;-;-;-;5,40
18/10/2019;6;3.511.399;5,40;1,00020872;-;-;-;-;5,40
21/10/2019;6;3.512.949;5,40;1,00020872;-;-;-;-;5,40
22/10/2019;5;3.486.341;5,40;1,00020872;-;-;-;-;5,40
23/10/2019;6;3.463.707;5,40;1,00020872;-;-;-;-;5,40
24/10/2019;7;3.458.726;5,40;1,00020872;-;-;-;-;5,40
25/10/2019;7;3.443.690;5,40;1,00020872;-;-;-;-;5,40
28/10/2019;8;3.432.792;5,40;1,00020872;-;-;-;-;5,40
29/10/2019;5;3.338.778;5,40;1,00020872;-;-;-;-;5,40
30/10/2019;6;3.337.942;5,40;1,00020872;-;-;-;-;5,40
31/10/2019;6;3.311.311;4,90;1,00018985;-;-;-;-;4,90
01/11/2019;6;3.326.755;4,90;1,00018985;-;-;-;-;4,90
04/11/2019;6;3.572.942;4,90;1,00018985;-;-;-;-;4,90
05/11/2019;6;3.753.586;4,90;1,00018985;-;-;-;-;4,90
06/11/2019;7;3.710.790;4,90;1,00018985;-;-;-;-;4,90
07/11/2019;5;3.627.431;4,90;1,00018985;-;-;-;-;4,90
08/11/2019;6;3.609.850;4,90;1,00018985;-;-;-;-;4,90
11/11/2019;7;3.665.790;4,90;1,00018985;-;-;-;-;4,90
12/11/2019;6;3.577.271;4,90;1,00018985;-;-;-;-;4,90
13/11/2019;6;3.512.745;4,90;1,00018985;-;-;-;-;4,90
14/11/2019;8;3.527.417;4,90;1,00018985;-;-;-;-;4,90
18/11/2019;6;3.530.421;4,90;1,00018985;-;-;-;-;4,90
19/11/2019;5;3.473.818;4,90;1,00018985;-;-;-;-;4,90
20/11/2019;7;3.436.027;4,90;1,00018985;-;-;-;-;4,90
21/11/2019;6;3.415.904;4,90;1,00018985;-;-;-;-;4,90
22/11/2019;8;3.431.267;4,90;1,00018985;-;-;-;-;4,90
25/11/2019;5;3.457.634;4,90;1,00018985;-;-;-;-;4,90
26/11/2019;7;3.401.733;4,90;1,00018985;-;-;-;-;4,90
27/11/2019;6;3.373.838;4,90;1,00018985;-;-;-;-;4,90
28/11/2019;6;3.338.607;4,90;1,00018985;-;-;-;-;4,90
29/11/2019;5;3.315.868;4,90;1,00018985;-;-;-;-;4,90
02/12/2019;6;3.476.221;4,90;1,00018985;-;-;-;-;4,90
03/12/2019;5;3.665.907;4,90;1,00018985;-;-;-;-;4,90
04/12/2019;7;3.944.054;4,90;1,00018985;-;-;-;-;4,90
05/12/2019;9;3.900.237;4,90;1,00018985;-;-;-;-;4,90
06/12/2019;7;3.887.961;4,90;1,00018985;-;-;-;-;4,90
09/12/2019;8;3.845.854;4,90;1,00018985;-;-;-;-;4,90
10/12/2019;7;3.828.006;4,90;1,00018985;-;-;-;-;4,90
11/12/2019;7;3.764.204;4,90;1,00018985;-;-;-;-;4,90
12/12/2019;6;3.708.057;4,40;1,00017089;-;-;-;-;4,40
13/12/2019;8;3.713.670;4,40;1,00017089;-;-;-;-;4,40
16/12/2019;6;3.664.867;4,40;1,00017089;-;-;-;-;4,40
17/12/2019;8;3.695.081;4,40;1,00017089;-;-;-;-;4,40
18/12/2019;7;3.642.769;4,40;1,00017089;-;-;-;-;4,40
19/12/2019;6;3.532.600;4,40;1,00017089;-;-;-;-;4,40
20/12/2019;9;3.634.808;4,40;1,00017089;-;-;-;-;4,40
23/12/2019;8;3.660.487;4,40;1,00017089;-;-;-;-;4,40
24/12/2019;8;3.678.679;4,40;1,00017089;-;-;-;-;4,40
26/12/2019;7;3.635.981;4,40;1,00017089;-;-;-;-;4,40
27/12/2019;6;3.557.494;4,40;1,00017089;-;-;-;-;4,40
30/12/2019;7;3.493.100;4,40;1,00017089;-;-;-;-;4,40
31/12/2019;8;3.497.815;4,40;1,00017089;-;-;-;-;4,40
02/01/2020;9;3.545.440;4,40;1,00017089;-;-;-;-;4,40
03/01/2020;7;3.695.844;4,40;1,00017089;-;-;-;-;4,40
06/01/2020;10;4.135.303;4,40;1,00017089;-;-;-;-;4,40
07/01/2020;10;4.057.216;4,40;1,00017089;-;-;-;-;4,40
08/01/2020;9;3.912.014;4,40;1,00017089;-;-;-;-;4,40
09/01/2020;8;3.903.517;4,40;1,00017089;-;-;-;-;4,40
10/01/2020;8;3.919.641;4,40;1,00017089;-;-;-;-;4,40
13/01/2020;9;3.861.094;4,40;1,00017089;-;-;-;-;4,40
14/01/2020;7;3.823.868;4,40;1,00017089;-;-;-;-;4,40
15/01/2020;10;3.807.834;4,40;1,00017089;-;-;-;-;4,40
16/01/2020;9;3.809.537;4,40;1,00017089;-;-;-;-;4,40
17/01/2020;9;3.804.948;4,40;1,00017089;-;-;-;-;4,40
20/01/2020;10;3.677.560;4,40;1,00017089;-;-;-;-;4,40
21/01/2020;9;3.802.279;4,40;1,00017089;-;-;-;-;4,40
22/01/2020;9;3.806.428;4,40;1,00017089;-;-;-;-;4,40
23/01/2020;9;3.695.570;4,40;1,00017089;-;-;-;-;4,40
24/01/2020;9;3.677.139;4,40;1,00017089;-;-;-;-;4,40
27/01/2020;9;3.625.498;4,40;1,00017089;-;-;-;-;4,40
28/01/2020;6;3.512.788;4,40;1,00017089;-;-;-;-;4,40
29/01/2020;8;3.543.266;4,40;1,00017089;-;-;-;-;4,40
30/01/2020;9;3.392.283;4,40;1,00017089;-;-;-;-;4,40
31/01/2020;10;3.447.911;4,40;1,00017089;-;-;-;-;4,40
03/02/2020;8;3.436.601;4,40;1,00017089;-;-;-;-;4,40
04/02/2020;7;3.576.277;4,40;1,00017089;-;-;-;-;4,40
05/02/2020;8;3.779.647;4,40;1,00017089;-;-;-;-;4,40
06/02/2020;6;3.751.236;4,15;1,00016137;-;-;-;-;4,15
07/02/2020;7;3.799.045;4,15;1,00016137;-;-;-;-;4,15
10/02/2020;7;3.828.423;4,15;1,00016137;-;-;-;-;4,15
11/02/2020;8;3.824.653;4,15;1,00016137;-;-;-;-;4,15
12/02/2020;7;3.733.717;4,15;1,00016137;-;-;-;-;4,15
13/02/2020;7;3.712.095;4,15;1,00016137;-;-;-;-;4,15
14/02/2020;7;4.143.454;4,15;1,00016137;-;-;-;-;4,15
17/02/2020;8;4.145.034;4,15;1,00016137;-;-;-;-;4,15
18/02/2020;3;3.748.518;4,15;1,00016137;-;-;-;-;4,15
19/02/2020;7;3.721.777;4,15;1,00016137;-;-;-;-;4,15
20/02/2020;8;3.546.612;4,15;1,00016137;-;-;-;-;4,15
21/02/2020;10;3.596.386;4,15;1,00016137;-;-;-;-;4,15
26/02/2020;10;3.717.236;4,15;1,00016137;-;-;-;-;4,15
27/02/2020;8;3.551.457;4,15;1,00016137;-;-;-;-;4,15
28/02/2020;6;3.443.718;4,15;1,00016137;-;-;-;-;4,15
02/03/2020;10;3.591.455;4,15;1,00016137;-;-;-;-;4,15
03/03/2020;8;3.796.590;4,15;1,00016137;-;-;-;-;4,15
04/03/2020;8;3.990.457;4,15;1,00016137;-;-;-;-;4,15
05/03/2020;8;3.989.352;4,15;1,00016137;-;-;-;-;4,15
06/03/2020;9;3.964.890;4,15;1,00016137;-;-;-;-;4,15
09/03/2020;8;3.861.773;4,15;1,00016137;-;-;-;-;4,15
10/03/2020;6;3.834.749;4,15;1,00016137;-;-;-;-;4,15
11/03/2020;6;3.826.501;4,15;1,00016137;-;-;-;-;4,15
12/03/2020;6;3.784.856;4,15;1,00016137;-;-;-;-;4,15
13/03/2020;8;3.725.272;4,15;1,00016137;-;-;-;-;4,15
16/03/2020;6;3.560.145;4,15;1,00016137;-;-;-;-;4,15
17/03/2020;6;3.603.554;4,15;1,00016137;-;-;-;-;4,15
18/03/2020;6;3.551.504;4,15;1,00016137;-;-;-;-;4,15
19/03/2020;7;3.572.099;3,65;1,00014227;-;-;-;-;3,65
20/03/2020;6;3.313.665;3,65;1,00014227;-;-;-;-;3,65
23/03/2020;5;3.304.997;3,65;1,00014227;-;-;-;-;3,65
24/03/2020;6;3.399.576;3,65;1,00014227;-;-;-;-;3,65
25/03/2020;5;3.363.315;3,65;1,00014227;-;-;-;-;3,65
26/03/2020;5;3.294.325;3,65;1,00014227;-;-;-;-;3,65
27/03/2020;5;3.231.268;3,65;1,00014227;-;-;-;-;3,65
30/03/2020;4;3.143.580;3,65;1,00014227;-;-;-;-;3,65
31/03/2020;5;3.089.241;3,65;1,00014227;-;-;-;-;3,65
01/04/2020;5;3.075.803;3,65;1,00014227;-;-;-;-;3,65
02/04/2020;4;3.225.005;3,65;1,00014227;-;-;-;-;3,65
03/04/2020;6;3.456.114;3,65;1,00014227;-;-;-;-;3,65
06/04/2020;7;3.464.618;3,65;1,00014227;-;-;-;-;3,65
07/04/2020;5;3.316.744;3,65;1,00014227;-;-;-;-;3,65
08/04/2020;5;3.307.983;3,65;1,00014227;-;-;-;-;3,65
09/04/2020;3;3.264.734;3,65;1,00014227;-;-;-;-;3,65
13/04/2020;4;3.166.936;3,65;1,00014227;-;-;-;-;3,65
14/04/2020;3;3.118.093;3,65;1,00014227;-;-;-;-;3,65
15/04/2020;4;3.090.053;3,65;1,00014227;-;-;-;-;3,65
16/04/2020;4;3.123.640;3,65;1,00014227;-;-;-;-;3,65
17/04/2020;4;3.088.233;3,65;1,00014227;-;-;-;-;3,65
20/04/2020;5;3.017.613;3,65;1,00014227;-;-;-;-;3,65
22/04/2020;4;2.993.705;3,65;1,00014227;-;-;-;-;3,65
23/04/2020;4;2.974.216;3,65;1,00014227;-;-;-;-;3,65
24/04/2020;4;2.928.143;3,65;1,00014227;-;-;-;-;3,65
27/04/2020;5;2.936.455;3,65;1,00014227;-;-;-;-;3,65
28/04/2020;5;2.915.571;3,65;1,00014227;-;-;-;-;3,65
29/04/2020;5;2.908.134;3,65;1,00014227;-;-;-;-;3,65
30/04/2020;3;2.790.255;3,65;1,00014227;-;-;-;-;3,65
04/05/2020;4;2.848.768;3,65;1,00014227;-;-;-;-;3,65
05/05/2020;4;3.018.904;3,65;1,00014227;-;-;-;-;3,65
06/05/2020;4;3.190.322;3,65;1,00014227;-;-;-;-;3,65
07/05/2020;4;3.179.850;2,90;1,00011345;-;-;-;-;2,90
08/05/2020;4;3.302.413;2,90;1,00011345;-;-;-;-;2,90
11/05/2020;5;3.306.545;2,90;1,00011345;-;-;-;-;2,90
12/05/2020;5;3.327.524;2,90;1,00011345;-;-;-;-;2,90
13/05/2020;5;3.203.579;2,90;1,00011345;-;-;-;-;2,90
14/05/2020;4;3.196.222;2,90;1,00011345;-;-;-;-;2,90
15/05/2020;5;3.086.593;2,90;1,00011345;-;-;-;-;2,90
18/05/2020;5;3.135.071;2,90;1,00011345;-;-;-;-;2,90
19/05/2020;4;2.941.137;2,90;1,00011345;-;-;-;-;2,90
20/05/2020;4;2.914.128;2,90;1,00011345;-;-;-;-;2,90
21/05/2020;5;2.952.075;2,90;1,00011345;-;-;-;-;2,90
22/05/2020;4;2.901.393;2,90;1,00011345;-;-;-;-;2,90
25/05/2020;4;2.857.441;2,90;1,00011345;-;-;-;-;2,90
26/05/2020;5;2.882.914;2,90;1,00011345;-;-;-;-;2,90
27/05/2020;5;2.863.055;2,90;1,00011345;-;-;-;-;2,90
28/05/2020;5;2.825.283;2,90;1,00011345;-;-;-;-;2,90
29/05/2020;6;2.842.641;2,90;1,00011345;-;-;-;-;2,90
01/06/2020;5;2.834.127;2,90;1,00011345;-;-;-;-;2,90
02/06/2020;5;3.023.645;2,90;1,00011345;-;-;-;-;2,90
03/06/2020;4;3.219.373;2,90;1,00011345;-;-;-;-;2,90
04/06/2020;4;3.235.302;2,90;1,00011345;-;-;-;-;2,90
05/06/2020;4;3.186.327;2,90;1,00011345;-;-;-;-;2,90
08/06/2020;3;3.161.152;2,90;1,00011345;-;-;-;-;2,90
09/06/2020;3;3.115.841;2,90;1,00011345;-;-;-;-;2,90
10/06/2020;3;3.077.931;2,90;1,00011345;-;-;-;-;2,90
12/06/2020;4;3.173.858;2,90;1,00011345;-;-;-;-;2,90
15/06/2020;5;3.132.254;2,90;1,00011345;-;-;-;-;2,90
16/06/2020;4;3.048.725;2,90;1,00011345;-;-;-;-;2,90
17/06/2020;4;2.998.717;2,90;1,00011345;-;-;-;-;2,90
18/06/2020;4;3.002.326;2,15;1,00008442;-;-;-;-;2,15
19/06/2020;5;3.046.188;2,15;1,00008442;-;-;-;-;2,15
22/06/2020;4;3.104.704;2,15;1,00008442;-;-;-;-;2,15
23/06/2020;4;3.069.233;2,15;1,00008442;-;-;-;-;2,15
24/06/2020;5;3.122.458;2,15;1,00008442;-;-;-;-;2,15
25/06/2020;3;3.041.158;2,15;1,00008442;-;-;-;-;2,15
26/06/2020;4;3.045.597;2,15;1,00008442;-;-;-;-;2,15
29/06/2020;5;3.076.693;2,15;1,00008442;-;-;-;-;2,15
30/06/2020;4;2.852.963;2,15;1,00008442;-;-;-;-;2,15
